Customer ID,First Name,Last Name,Email,Phone Number,Signup Date,Department,Status
101,john,Smith,john.smith@gmial.com,416-555-0192,2023-01-15,sales,active
102,Mary , Johnson,mary.johnson@yahoo.com,(416) 555-0133,01/22/2023,Marketing,Active
103,ROBERT,brown,robert.brown@hotmail.com,4165550144,2023-02-10,IT,ACTIVE
104,Sarah,Davis,sarah.davis@gmail.con,416.555.0177,"March 5, 2023",HR,active
105,james,Wilson,,416-555-0188,2023-03-20,Sales,Active
106,Mary,Johnson,mary.johnson@yahoo.com,(416) 555-0133,01/22/2023,Marketing,Active
107,linda,Martinez,linda.martinez@gmail.com,4165550199,2023-04-02,accounting,Inactive
108,Michael,GARCIA,michael.garcia@gmail.com,416-555-0211,2023/04/15,IT,active
109,patricia,rodriguez,patricia.rodriguez@gmail.com,,2023-05-01,Sales,active
110,David, Lee,david.lee@gmail.com,(416)5550222,"May 10, 2023",Marketing,ACTIVE
111,jennifer,Walker,jennifer.walker@gmial.com,416-555-0233,2023-05-18,HR,active
112,Robert,Brown,robert.brown@hotmail.com,4165550144,2023-02-10,it,Active
113,Susan,hall,susan.hall@gmail.com,416-555-0244,2023-06-02,Sales,inactive
114,CHRISTOPHER,Allen,christopher.allen@yahoo.com,416.555.0255,2023/06/20,Marketing,Active
115,lisa,Young,lisa.young@gmail.com,(416) 555-0266,,IT,active
116,Daniel,King,daniel.king@gmail.con,4165550277,"July 1, 2023",accounting,ACTIVE
117,nancy,Wright,nancy.wright@gmail.com,416-555-0288,2023-07-15,Sales,Active
118,Paul, Scott,paul.scott@hotmail.com,416 555 0299,2023-08-01,Marketing,active
119,karen,Green,karen.green@gmail.com,,2023-08-12,HR,Inactive
120,Mark,Adams,mark.adams@gmail.com,(416) 555-0300,2023/08/25,IT,Active
121,betty,Baker,betty.baker@gmail.com,4165550311,"September 3, 2023",sales,active
122,Steven,Nelson,steven.nelson@gmial.com,416-555-0322,2023-09-18,Accounting,ACTIVE
123,donna,Carter,donna.carter@gmail.com,416.555.0333,2023-10-02,Marketing,Active
124,Edward,Mitchell,edward.mitchell@gmail.com,(416)5550344,2023/10/14,it,active
125,Edward,Mitchell,edward.mitchell@gmail.com,(416)5550344,2023/10/14,IT,Active
126,carol,Perez,carol.perez@gmail.com,416-555-0355,2023-11-01,HR,Inactive
127,Kevin,Roberts,kevin.roberts@hotmail.com,4165550366,"November 15, 2023",Sales,active
128,michelle,turner,michelle.turner@gmail.con,416-555-0377,2023-12-01,marketing,ACTIVE
129,Brian,Phillips,brian.phillips@gmail.com,,2023-12-10,IT,Active
130,amanda,Campbell,amanda.campbell@gmail.com,(416) 555-0388,2023/12/20,Accounting,active
